Profile Name,Start Time,Duration,Attributes,Title,Supplemental Video Type,Device Type,Bookmark,Latest Bookmark,Country
Lauri,2022-10-26 18:57:01,02:19:28,,The Da Vinci Code,,Chrome PC (Cadmium),02:21:24,02:21:24,EE (Estonia)
Lauri,2022-10-26 18:56:54,00:00:05,Autoplayed: user action: None; ,The Da Vinci Code_hook_primary_16x9,HOOK,Chrome PC (Cadmium),00:00:05,00:00:05,EE (Estonia)
Lauri,2022-10-26 18:56:27,00:00:09,Autoplayed: user action: None; ,Slender Man_hook_primary_16x9,HOOK,Chrome PC (Cadmium),00:00:09,00:00:09,EE (Estonia)
Lauri,2022-10-26 18:54:35,00:00:07,Autoplayed: user action: None; ,Straight Outta Compton_hook_primary_16x9,HOOK,Chrome PC (Cadmium),00:00:07,00:00:07,EE (Estonia)
Lauri,2022-10-26 18:54:29,00:00:05,Autoplayed: user action: None; ,Too Hot to Handle: Season 1 - Upper Bound Clip 8,HOOK,Chrome PC (Cadmium),00:00:05,00:00:05,EE (Estonia)
Lauri,2022-10-26 18:53:38,00:00:06,Autoplayed: user action: None; ,Knocked Up_hook_primary_16x9,HOOK,Chrome PC (Cadmium),00:00:06,00:00:06,EE (Estonia)
Lauri,2022-10-26 09:26:12,00:09:25,,Breaking Bad: Season 3: I See You (Episode 8),,Chrome PC (Cadmium),00:18:37,00:18:37,EE (Estonia)
Lauri,2022-10-25 19:34:06,00:05:58,,Breaking Bad: Season 3: I See You (Episode 8),,Chrome PC (Cadmium),00:08:04,Not latest view,EE (Estonia)
Lauri,2022-10-25 19:15:54,00:00:04,Autoplayed: user action: None; ,Breaking Bad: Season 1_hook_01_16x9,,Chrome PC (Cadmium),00:00:04,00:00:04,EE (Estonia)
Lauri,2022-10-25 18:48:19,00:44:13,,Breaking Bad: Season 3: One Minute (Episode 7),,Chrome PC (Cadmium),00:46:27,00:46:27,EE (Estonia)
Lauri,2022-10-25 18:06:35,00:41:08,,Breaking Bad: Season 3: Sunset (Episode 6),,Chrome PC (Cadmium),00:46:28,00:46:28,EE (Estonia)
Lauri,2022-10-25 17:29:44,00:36:42,,Breaking Bad: Season 3: Mas (Episode 5),,Chrome PC (Cadmium),00:46:26,00:46:26,EE (Estonia)
Lauri,2022-10-23 23:02:05,00:03:58,,Breaking Bad: Season 3: Mas (Episode 5),,Chrome PC (Cadmium),00:06:21,Not latest view,EE (Estonia)
Lauri,2022-10-23 22:22:32,00:39:21,,Breaking Bad: Season 3: Green Light (Episode 4),,Chrome PC (Cadmium),00:46:25,00:46:25,EE (Estonia)
Lauri,2022-10-23 21:38:56,00:41:50,,Breaking Bad: Season 3: I.F.T. (Episode 3),,Chrome PC (Cadmium),00:46:28,00:46:28,EE (Estonia)
Lauri,2022-10-23 20:56:15,00:41:07,,Breaking Bad: Season 3: Caballo Sin Nombre (Episode 2),,Chrome PC (Cadmium),00:46:27,00:46:27,EE (Estonia)
Lauri,2022-10-23 20:56:03,00:00:08,Autoplayed: user action: None; ,El Camino: A Breaking Bad Movie (Trailer),TRAILER,Chrome PC (Cadmium),00:00:08,00:00:08,EE (Estonia)
Lauri,2022-10-23 20:55:50,00:00:01,,El Camino: A Breaking Bad Movie,,Chrome PC (Cadmium),00:00:01,00:00:01,EE (Estonia)
Lauri,2022-10-23 20:55:00,00:00:05,Autoplayed: user action: None; ,Better Call Saul (Trailer),TRAILER,Chrome PC (Cadmium),00:00:06,00:00:06,EE (Estonia)
Lauri,2022-10-21 16:14:45,00:00:01,,Breaking Bad: Season 3: Caballo Sin Nombre (Episode 2),,Chrome PC (Cadmium),00:00:01,Not latest view,EE (Estonia)
Lauri,2022-10-21 15:29:35,00:35:28,,Breaking Bad: Season 3: No Más (Episode 1),,Chrome PC (Cadmium),00:46:29,00:46:29,EE (Estonia)
Lauri,2022-10-21 15:28:56,00:00:04,Autoplayed: user action: None; ,Ted 2_hook_primary_16x9,HOOK,Chrome PC (Cadmium),00:00:04,00:00:04,EE (Estonia)
Lauri,2022-10-21 10:44:58,00:10:56,,Breaking Bad: Season 2: ABQ (Episode 13),,DefaultWidevineAndroidPhone,00:46:48,00:46:48,EE (Estonia)
Lauri,2022-10-21 10:36:47,00:06:48,,Breaking Bad: Season 2: ABQ (Episode 13),,DefaultWidevineAndroidPhone,00:35:49,Not latest view,EE (Estonia)
Lauri,2022-10-21 10:36:15,00:00:03,,Breaking Bad: Season 2: ABQ (Episode 13),,DefaultWidevineAndroidPhone,00:26:42,Not latest view,EE (Estonia)
Lauri,2022-10-21 10:33:34,00:02:25,,Breaking Bad: Season 2: ABQ (Episode 13),,DefaultWidevineAndroidPhone,00:26:44,Not latest view,EE (Estonia)
Lauri,2022-10-21 10:31:57,00:00:25,,Breaking Bad: Season 2: ABQ (Episode 13),,DefaultWidevineAndroidPhone,00:22:57,Not latest view,EE (Estonia)
Lauri,2022-10-20 18:49:50,00:00:07,Autoplayed: user action: None; ,How High_hook_primary_16x9,HOOK,Chrome PC (Cadmium),00:00:07,00:00:07,EE (Estonia)
Lauri,2022-10-20 17:43:01,00:04:37,,Breaking Bad: Season 2: ABQ (Episode 13),,DefaultWidevineAndroidPhone,00:21:53,Not latest view,EE (Estonia)
Lauri,2022-10-20 17:28:52,00:12:36,,Breaking Bad: Season 2: ABQ (Episode 13),,DefaultWidevineAndroidPhone,00:17:19,Not latest view,EE (Estonia)
Lauri,2022-10-18 21:35:16,01:27:04,,The Hangover: Part II,,Chrome PC (Cadmium),01:38:23,01:38:23,EE (Estonia)
Lauri,2022-10-18 21:35:16,01:26:40,,The Hangover: Part II,,Chrome PC (Cadmium),01:37:59,Not latest view,EE (Estonia)
Lauri,2022-10-18 21:35:02,00:00:07,Autoplayed: user action: None; ,The Hangover: Part III_hook_primary_16x9,HOOK,Chrome PC (Cadmium),00:00:07,00:00:07,EE (Estonia)
Lauri,2022-10-18 21:00:24,00:00:11,Autoplayed: user action: None; ,The Hangover: Part III_hook_primary_16x9,HOOK,Chrome PC (Cadmium),00:00:11,Not latest view,EE (Estonia)
Lauri,2022-10-18 10:53:24,00:52:03,,Not Another Teen Movie,,Chrome PC (Cadmium),01:23:39,01:23:39,EE (Estonia)
Lauri,2022-10-17 22:29:30,00:25:42,,Not Another Teen Movie,,Chrome PC (Cadmium),00:28:38,Not latest view,EE (Estonia)
Lauri,2022-10-17 22:27:25,00:01:57,,Not Another Teen Movie,,Chrome PC (Cadmium),00:02:18,Not latest view,EE (Estonia)
Lauri,2022-10-17 22:27:14,00:00:09,Autoplayed: user action: None; ,Not Another Teen Movie_hook_primary_16x9,HOOK,Chrome PC (Cadmium),00:00:09,00:00:09,EE (Estonia)
Lauri,2022-10-17 22:26:45,00:00:04,Autoplayed: user action: None; ,The 40-Year-Old Virgin_hook_primary_16x9,HOOK,Chrome PC (Cadmium),00:00:04,00:00:04,EE (Estonia)
Lauri,2022-10-17 21:04:04,01:22:23,,The Hangover,,Chrome PC (Cadmium),01:37:59,01:37:59,EE (Estonia)
Lauri,2022-10-17 21:00:22,00:00:06,Autoplayed: user action: None; ,Trailer: The Curse of Bridge Hollow,TRAILER,Chrome PC (Cadmium),00:00:06,00:00:06,EE (Estonia)
Lauri,2022-10-17 20:57:38,00:00:04,Autoplayed: user action: None; ,The Babysitter (Trailer),TRAILER,Chrome PC (Cadmium),00:00:05,00:00:05,EE (Estonia)
Lauri,2022-10-17 20:55:52,00:00:37,Autoplayed: user action: None; ,Gladiator_hook_primary_16x9,HOOK,Chrome PC (Cadmium),00:00:00,00:00:00,EE (Estonia)
Lauri,2022-10-17 20:55:29,00:00:23,Autoplayed: user action: None; ,Jarhead_hook_03_16x9,HOOK,Chrome PC (Cadmium),00:00:23,00:00:23,EE (Estonia)
Lauri,2022-10-16 20:16:35,00:00:45,,Breaking Bad: Season 2: ABQ (Episode 13),,Chrome PC (Cadmium),00:04:29,Not latest view,EE (Estonia)
Lauri,2022-10-16 19:37:22,00:35:44,,Breaking Bad: Season 2: Phoenix (Episode 12),,Chrome PC (Cadmium),00:46:41,00:46:41,EE (Estonia)
Lauri,2022-10-16 18:54:35,00:40:35,,Breaking Bad: Season 2: Mandala (Episode 11),,Chrome PC (Cadmium),00:46:29,00:46:29,EE (Estonia)
Lauri,2022-10-16 18:30:08,00:24:17,,Breaking Bad: Season 2: Over (Episode 10),,Chrome PC (Cadmium),00:46:28,00:46:28,EE (Estonia)
Lauri,2022-10-12 18:05:38,00:03:10,,Breaking Bad: Season 2: Over (Episode 10),,DefaultWidevineAndroidPhone,00:18:17,Not latest view,EE (Estonia)
Lauri,2022-10-12 11:43:09,00:00:08,,Breaking Bad: Season 2: Over (Episode 10),,DefaultWidevineAndroidPhone,00:10:21,Not latest view,EE (Estonia)
Lauri,2022-10-11 15:40:22,00:10:17,,Breaking Bad: Season 2: Over (Episode 10),,DefaultWidevineAndroidPhone,00:10:16,Not latest view,EE (Estonia)
Lauri,2022-10-11 08:08:43,00:46:35,,Breaking Bad: Season 2: 4 Days Out (Episode 9),,DefaultWidevineAndroidPhone,00:46:34,00:46:34,EE (Estonia)
Lauri,2022-10-10 14:27:53,00:46:14,,Breaking Bad: Season 2: Better Call Saul (Episode 8),,DefaultWidevineAndroidPhone,00:46:33,00:46:33,EE (Estonia)
Lauri,2022-10-10 14:27:50,00:00:02,,Breaking Bad: Season 2: Negro y Azul (Episode 7),,DefaultWidevineAndroidPhone,00:00:01,00:00:01,EE (Estonia)
Lauri,2022-10-10 14:25:13,00:00:05,,Breaking Bad: Season 2: Better Call Saul (Episode 8),,DefaultWidevineAndroidPhone,00:00:05,Not latest view,EE (Estonia)
Lauri,2022-10-10 14:15:13,00:09:58,,Breaking Bad: Season 2: Negro y Azul (Episode 7),,DefaultWidevineAndroidPhone,00:46:36,Not latest view,EE (Estonia)
Lauri,2022-10-10 13:56:21,00:18:41,,Breaking Bad: Season 2: Negro y Azul (Episode 7),,DefaultWidevineAndroidPhone,00:35:13,Not latest view,EE (Estonia)
Lauri,2022-10-10 13:41:14,00:12:56,,Breaking Bad: Season 2: Negro y Azul (Episode 7),,DefaultWidevineAndroidPhone,00:14:38,Not latest view,EE (Estonia)
Lauri,2022-10-10 13:25:07,00:16:06,,Breaking Bad: Season 2: Peekaboo (Episode 6),,DefaultWidevineAndroidPhone,00:46:36,00:46:36,EE (Estonia)
Lauri,2022-10-10 13:03:31,00:14:14,,Rick and Morty: Season 6: JuRicksic Mort (Episode 6),,DefaultWidevineAndroidPhone,00:21:19,00:21:19,EE (Estonia)
Lauri,2022-10-10 12:53:17,00:06:48,,Rick and Morty: Season 6: JuRicksic Mort (Episode 6),,DefaultWidevineAndroidPhone,00:07:08,Not latest view,EE (Estonia)
Lauri,2022-10-06 16:36:04,00:29:06,,Breaking Bad: Season 2: Peekaboo (Episode 6),,DefaultWidevineAndroidPhone,00:29:54,Not latest view,EE (Estonia)
Lauri,2022-10-06 16:21:54,00:14:08,,Breaking Bad: Season 2: Breakage (Episode 5),,DefaultWidevineAndroidPhone,00:46:38,00:46:38,EE (Estonia)
Lauri,2022-10-05 11:13:46,00:27:00,,Breaking Bad: Season 2: Breakage (Episode 5),,DefaultWidevineAndroidPhone,00:32:22,Not latest view,EE (Estonia)
Lauri,2022-10-05 11:08:34,00:05:09,,Breaking Bad: Season 2: Breakage (Episode 5),,DefaultWidevineAndroidPhone,00:05:23,Not latest view,EE (Estonia)
Lauri,2022-10-05 10:41:42,00:22:09,,Breaking Bad: Season 2: Down (Episode 4),,DefaultWidevineAndroidPhone,00:46:37,00:46:37,EE (Estonia)
Lauri,2022-10-04 16:11:57,00:20:34,,Rick and Morty: Season 6: Final DeSmithation (Episode 5),,DefaultWidevineAndroidPhone,00:20:54,00:20:54,EE (Estonia)
Lauri,2022-10-02 09:55:39,00:00:08,,Don't Look Up - Clip 2,PROMOTIONAL,DefaultWidevineAndroidPhone,00:00:08,00:00:08,EE (Estonia)
Lauri,2022-10-02 09:54:53,00:00:32,,"Crazy, Stupid, Love - Clip 3",PROMOTIONAL,DefaultWidevineAndroidPhone,00:00:32,00:00:32,EE (Estonia)
Lauri,2022-10-02 09:54:43,00:00:05,,The Holiday - Clip 3,PROMOTIONAL,DefaultWidevineAndroidPhone,00:00:05,00:00:05,EE (Estonia)
Lauri,2022-10-02 09:53:56,00:00:46,,Don't Look Up - Clip 1,PROMOTIONAL,DefaultWidevineAndroidPhone,00:00:46,00:00:46,EE (Estonia)
Lauri,2022-10-02 09:53:28,00:00:12,,The Holiday - Clip 1,PROMOTIONAL,DefaultWidevineAndroidPhone,00:00:12,00:00:12,EE (Estonia)
Lauri,2022-10-02 09:53:09,00:00:16,,He's All That - Clip 1,PROMOTIONAL,DefaultWidevineAndroidPhone,00:00:16,00:00:16,EE (Estonia)
Lauri,2022-10-02 09:52:38,00:00:30,,Don't Look Up - Clip 5,PROMOTIONAL,DefaultWidevineAndroidPhone,00:00:30,00:00:30,EE (Estonia)
Lauri,2022-10-02 09:52:22,00:00:15,,Not Another Teen Movie - Clip 2,PROMOTIONAL,DefaultWidevineAndroidPhone,00:00:15,00:00:15,EE (Estonia)
Lauri,2022-10-02 09:52:17,00:00:04,,Sausage Party - Clip 2,PROMOTIONAL,DefaultWidevineAndroidPhone,00:00:03,00:00:03,EE (Estonia)
Lauri,2022-10-02 09:52:07,00:00:06,,Marriage Story - Clip 1,PROMOTIONAL,DefaultWidevineAndroidPhone,00:00:06,00:00:06,EE (Estonia)
Lauri,2022-10-02 09:51:50,00:00:08,,Let It Snow - Clip 1,PROMOTIONAL,DefaultWidevineAndroidPhone,00:00:08,00:00:08,EE (Estonia)
Lauri,2022-10-02 09:51:41,00:00:07,,Bo Burnham: The Inside Outtakes - Clip 1,HOOK,DefaultWidevineAndroidPhone,00:00:07,00:00:07,EE (Estonia)
Lauri,2022-10-02 09:50:59,00:00:41,,The Package - Clip 1,PROMOTIONAL,DefaultWidevineAndroidPhone,00:00:41,00:00:41,EE (Estonia)
Lauri,2022-10-02 09:50:29,00:00:29,,Not Another Teen Movie - Clip 1,PROMOTIONAL,DefaultWidevineAndroidPhone,00:00:29,00:00:29,EE (Estonia)
Lauri,2022-09-27 15:27:36,00:21:16,,Breaking Bad: Season 2: Down (Episode 4),,DefaultWidevineAndroidPhone,00:22:28,Not latest view,EE (Estonia)
Lauri,2022-09-27 09:06:04,00:00:05,,Breaking Bad: Season 1 - Clip 2,PROMOTIONAL,DefaultWidevineAndroidPhone,00:00:05,00:00:05,EE (Estonia)
Lauri,2022-09-27 08:19:29,00:37:02,,Breaking Bad: Season 2: Bit by a Dead Bee (Episode 3),,DefaultWidevineAndroidPhone,00:46:10,00:46:10,EE (Estonia)
Lauri,2022-09-26 17:20:32,00:09:15,,Breaking Bad: Season 2: Bit by a Dead Bee (Episode 3),,DefaultWidevineAndroidPhone,00:09:24,Not latest view,EE (Estonia)
Lauri,2022-09-26 16:31:56,00:46:49,,Breaking Bad: Season 2: Grilled (Episode 2),,DefaultWidevineAndroidPhone,00:47:10,00:47:10,EE (Estonia)
Lauri,2022-09-26 09:12:32,00:00:07,,Trailer: DAHMER,TRAILER,DefaultWidevineAndroidPhone,00:00:07,00:00:07,EE (Estonia)
Lauri,2022-09-26 08:48:33,00:20:40,,Rick and Morty: Season 6: Night Family (Episode 4),,DefaultWidevineAndroidPhone,00:20:48,00:20:48,EE (Estonia)
Lauri,2022-09-22 06:45:40,00:00:08,,Trailer: Blonde,TRAILER,DefaultWidevineAndroidPhone,00:00:08,00:00:08,EE (Estonia)
Lauri,2022-09-20 09:50:31,00:01:54,,Rick and Morty: Season 6: Bethic Twinstinct (Episode 3),,DefaultWidevineAndroidPhone,00:20:51,00:20:51,EE (Estonia)
Lauri,2022-09-20 09:31:54,00:18:33,,Rick and Morty: Season 6: Bethic Twinstinct (Episode 3),,DefaultWidevineAndroidPhone,00:19:01,Not latest view,EE (Estonia)
Lauri,2022-09-20 09:10:47,00:21:01,,Rick and Morty: Season 6: Rick: A Mort Well Lived (Episode 2),,DefaultWidevineAndroidPhone,00:21:29,00:21:29,EE (Estonia)
Lauri,2022-09-20 08:49:49,00:20:56,,Rick and Morty: Season 6: Solaricks (Episode 1),,DefaultWidevineAndroidPhone,00:20:58,00:20:58,EE (Estonia)
Lauri,2022-09-20 08:48:29,00:00:12,,Rick and Morty: Season 1_hook_primary_16x9,HOOK,DefaultWidevineAndroidPhone,00:00:11,00:00:11,EE (Estonia)
Lauri,2022-08-25 17:39:29,00:41:19,,The Walking Dead: Season 1: Vatos (Episode 4),,DefaultWidevineAndroidPhone,00:42:34,00:42:34,EE (Estonia)
Lauri,2022-08-25 16:39:41,00:00:49,,The Walking Dead: Season 1: Vatos (Episode 4),,DefaultWidevineAndroidPhone,00:00:48,Not latest view,EE (Estonia)
Lauri,2022-08-25 16:12:21,00:27:19,,The Walking Dead: Season 1: Tell It to the Frogs (Episode 3),,DefaultWidevineAndroidPhone,00:42:41,00:42:41,EE (Estonia)
Lauri,2022-08-25 16:12:05,00:00:07,,Rick and Morty: Season 1_hook_primary_16x9,HOOK,DefaultWidevineAndroidPhone,00:00:06,Not latest view,EE (Estonia)
Lauri,2022-08-19 13:01:43,00:15:22,,Mine,,DefaultWidevineAndroidPhone,00:15:22,00:15:22,EE (Estonia)
Lauri,2022-08-19 13:01:35,00:00:06,,Mine_hook_05_16x9,HOOK,DefaultWidevineAndroidPhone,00:00:05,00:00:05,EE (Estonia)
Lauri,2022-08-19 12:57:16,00:01:45,,Bird Box,,DefaultWidevineAndroidPhone,01:57:01,01:57:01,EE (Estonia)
Lauri,2022-08-19 11:00:53,01:55:17,,Bird Box,,DefaultWidevineAndroidPhone,01:55:17,Not latest view,EE (Estonia)
Lauri,2022-08-16 13:16:02,00:14:25,,The Walking Dead: Season 1: Tell It to the Frogs (Episode 3),,DefaultWidevineAndroidPhone,00:15:02,Not latest view,EE (Estonia)
Lauri,2022-08-14 23:30:41,00:37:01,,The Walking Dead: Season 1: Guts (Episode 2),,Chrome PC (Cadmium),00:42:09,00:42:09,EE (Estonia)
Lauri,2022-08-14 23:30:41,00:36:49,,The Walking Dead: Season 1: Guts (Episode 2),,Chrome PC (Cadmium),00:41:58,Not latest view,EE (Estonia)
Lauri,2022-08-14 22:55:04,00:35:10,,The Walking Dead: Season 1: Days Gone Bye (Episode 1),,Chrome PC (Cadmium),00:44:19,00:44:19,EE (Estonia)
Lauri,2022-08-14 22:54:58,00:00:05,Autoplayed: user action: None; ,The Walking Dead: Season 1_hook_primary_16x9,HOOK,Chrome PC (Cadmium),00:00:05,00:00:05,EE (Estonia)
Lauri,2022-08-14 22:54:26,00:00:09,Autoplayed: user action: None; ,Friends: Season 1_hook_primary_16x9,HOOK,Chrome PC (Cadmium),00:00:09,00:00:09,EE (Estonia)
Lauri,2022-08-14 22:12:46,00:38:50,,Breaking Bad: Season 2: Seven Thirty-Seven (Episode 1),,Chrome PC (Cadmium),00:46:25,00:46:25,EE (Estonia)
Lauri,2022-08-14 22:00:06,00:12:39,,Breaking Bad: Season 1: A No-Rough-Stuff-Type Deal (Episode 7),,Chrome PC (Cadmium),00:46:56,00:46:56,EE (Estonia)
Lauri,2022-08-14 18:51:20,00:32:52,,Breaking Bad: Season 1: A No-Rough-Stuff-Type Deal (Episode 7),,Chrome PC (Cadmium),00:34:17,Not latest view,EE (Estonia)
Lauri,2022-08-14 18:51:05,00:00:01,,Breaking Bad: Season 1: A No-Rough-Stuff-Type Deal (Episode 7),,Chrome PC (Cadmium),00:00:01,Not latest view,EE (Estonia)
Lauri,2022-08-14 18:05:37,00:44:11,,Breaking Bad: Season 1: Crazy Handful of Nothin' (Episode 6),,Chrome PC (Cadmium),00:47:20,00:47:20,EE (Estonia)
Lauri,2022-08-14 17:10:33,00:41:01,,Breaking Bad: Season 1: Gray Matter (Episode 5),,Chrome PC (Cadmium),00:47:23,00:47:23,EE (Estonia)
Lauri,2022-08-14 16:53:02,00:17:14,,Breaking Bad: Season 1: Cancer Man (Episode 4),,Chrome PC (Cadmium),00:47:27,00:47:27,EE (Estonia)
Lauri,2022-08-14 15:57:27,00:15:36,,Breaking Bad: Season 1: Cancer Man (Episode 4),,Chrome PC (Cadmium),00:29:45,Not latest view,EE (Estonia)
Lauri,2022-08-14 15:48:36,00:00:20,,Ocean's Twelve,,DefaultWidevineAndroidPhone,00:02:56,00:02:56,EE (Estonia)
Lauri,2022-08-14 15:45:57,00:02:33,,Ocean's Twelve,,DefaultWidevineAndroidPhone,00:02:32,Not latest view,EE (Estonia)
Lauri,2022-07-31 14:11:31,01:51:35,,Ocean's Eleven,,DefaultWidevineAndroidPhone,01:51:34,01:51:34,EE (Estonia)
Lauri,2022-07-31 12:03:31,00:09:37,,Breaking Bad: Season 1: Cancer Man (Episode 4),,DefaultWidevineAndroidPhone,00:09:52,Not latest view,EE (Estonia)
Lauri,2022-07-31 11:38:45,00:24:43,,Breaking Bad: Season 1: And the Bag's in the River (Episode 3),,DefaultWidevineAndroidPhone,00:47:25,00:47:25,EE (Estonia)
Lauri,2022-07-29 10:55:34,00:21:31,,Breaking Bad: Season 1: And the Bag's in the River (Episode 3),,DefaultWidevineAndroidPhone,00:21:46,Not latest view,EE (Estonia)
Lauri,2022-07-29 10:19:42,00:35:49,,Breaking Bad: Season 1: The Cat's in the Bag (Episode 2),,DefaultWidevineAndroidPhone,00:47:25,00:47:25,EE (Estonia)
Lauri,2022-07-29 09:46:54,00:08:55,,Breaking Bad: Season 1: The Cat's in the Bag (Episode 2),,DefaultWidevineAndroidPhone,00:10:14,Not latest view,EE (Estonia)
Lauri,2022-07-29 09:33:45,00:13:08,,Breaking Bad: Season 1: Pilot (Episode 1),,DefaultWidevineAndroidPhone,00:57:15,00:57:15,EE (Estonia)
Lauri,2022-07-29 08:46:12,00:30:34,,Breaking Bad: Season 1: Pilot (Episode 1),,DefaultWidevineAndroidPhone,00:43:52,Not latest view,EE (Estonia)
Lauri,2022-07-28 12:15:31,00:11:23,,Breaking Bad: Season 1: Pilot (Episode 1),,DefaultWidevineAndroidPhone,00:11:37,Not latest view,EE (Estonia)
Lauri,2022-07-28 11:45:04,00:00:09,,Breaking Bad: Season 1 - Clip 2,PROMOTIONAL,DefaultWidevineAndroidPhone,00:00:06,Not latest view,EE (Estonia)
Lauri,2022-07-27 11:56:21,00:28:20,,Stranger Things: Stranger Things 4: Chapter Nine: The Piggyback (Episode 9),,DefaultWidevineAndroidPhone,02:20:01,02:20:01,EE (Estonia)
Lauri,2022-07-27 10:32:57,00:25:30,,Stranger Things: Stranger Things 4: Chapter Nine: The Piggyback (Episode 9),,DefaultWidevineAndroidPhone,01:49:08,Not latest view,EE (Estonia)
Lauri,2022-07-27 08:54:59,01:22:38,,Stranger Things: Stranger Things 4: Chapter Nine: The Piggyback (Episode 9),,DefaultWidevineAndroidPhone,01:23:44,Not latest view,EE (Estonia)
Lauri,2022-07-26 22:44:22,00:00:02,,Stranger Things: Stranger Things 4: Chapter Nine: The Piggyback (Episode 9),,DefaultWidevineAndroidPhone,00:00:01,Not latest view,EE (Estonia)
Lauri,2022-07-26 21:27:53,01:16:20,,Stranger Things: Stranger Things 4: Chapter Eight: Papa (Episode 8),,DefaultWidevineAndroidPhone,01:22:21,01:22:21,EE (Estonia)
Lauri,2022-07-26 21:22:03,00:05:16,,Stranger Things: Stranger Things 4: Chapter Eight: Papa (Episode 8),,DefaultWidevineAndroidPhone,00:06:03,Not latest view,EE (Estonia)
Lauri,2022-07-26 20:38:36,00:43:22,,Stranger Things: Stranger Things 4: Chapter Seven: The Massacre at Hawkins Lab (Episode 7),,DefaultWidevineAndroidPhone,01:35:55,01:35:55,EE (Estonia)
Lauri,2022-07-26 19:49:49,00:48:43,,Stranger Things: Stranger Things 4: Chapter Seven: The Massacre at Hawkins Lab (Episode 7),,DefaultWidevineAndroidPhone,00:52:35,Not latest view,EE (Estonia)
Lauri,2022-07-26 19:44:22,00:03:07,,Stranger Things: Stranger Things 4: Chapter Seven: The Massacre at Hawkins Lab (Episode 7),,DefaultWidevineAndroidPhone,00:03:54,Not latest view,EE (Estonia)
Lauri,2022-07-26 19:21:18,00:23:03,,Stranger Things: Stranger Things 4: Chapter Six: The Dive (Episode 6),,DefaultWidevineAndroidPhone,01:10:15,01:10:15,EE (Estonia)
Lauri,2022-07-26 18:33:53,00:46:32,,Stranger Things: Stranger Things 4: Chapter Six: The Dive (Episode 6),,DefaultWidevineAndroidPhone,00:47:17,Not latest view,EE (Estonia)
Lauri,2022-07-26 18:08:09,00:25:42,,Stranger Things: Stranger Things 4: Chapter Five: The Nina Project (Episode 5),,DefaultWidevineAndroidPhone,01:11:41,01:11:41,EE (Estonia)
Lauri,2022-07-26 17:20:26,00:45:13,,Stranger Things: Stranger Things 4: Chapter Five: The Nina Project (Episode 5),,DefaultWidevineAndroidPhone,00:46:00,Not latest view,EE (Estonia)
Lauri,2022-07-26 16:06:54,01:12:51,,Stranger Things: Stranger Things 4: Chapter Four: Dear Billy (Episode 4),,DefaultWidevineAndroidPhone,01:14:21,01:14:21,EE (Estonia)
Lauri,2022-07-26 15:18:11,00:48:28,,Stranger Things: Stranger Things 4: Chapter Three: The Monster and the Superhero (Episode 3),,DefaultWidevineAndroidPhone,00:59:42,00:59:42,EE (Estonia)
Lauri,2022-07-26 13:09:24,00:09:17,,Stranger Things: Stranger Things 4: Chapter Three: The Monster and the Superhero (Episode 3),,DefaultWidevineAndroidPhone,00:10:23,Not latest view,EE (Estonia)
Lauri,2022-07-26 11:57:20,01:11:37,,Stranger Things: Stranger Things 4: Chapter Two: Vecna's Curse (Episode 2),,DefaultWidevineAndroidPhone,01:12:32,01:12:32,EE (Estonia)
Lauri,2022-07-26 10:46:48,01:10:26,,Stranger Things: Stranger Things 4: Chapter One: The Hellfire Club (Episode 1),,DefaultWidevineAndroidPhone,01:13:00,01:13:00,EE (Estonia)
Lauri,2022-07-23 15:44:49,00:00:06,Autoplayed: user action: None; ,Recap: Stranger Things 3,RECAP,DefaultWidevineAndroidPhone,00:00:23,00:00:23,EE (Estonia)
Lauri,2022-07-23 14:42:46,01:00:53,,Stranger Things: Stranger Things 3: Chapter Eight: The Battle of Starcourt (Episode 8),,DefaultWidevineAndroidPhone,01:14:46,01:14:46,EE (Estonia)
Lauri,2022-07-23 14:41:26,00:00:39,,Stranger Things: Stranger Things 3: Chapter Eight: The Battle of Starcourt (Episode 8),,DefaultWidevineAndroidPhone,00:13:14,Not latest view,EE (Estonia)
Lauri,2022-07-23 14:39:05,00:00:37,,Stranger Things: Stranger Things 3: Chapter Eight: The Battle of Starcourt (Episode 8),,DefaultWidevineAndroidPhone,00:12:36,Not latest view,EE (Estonia)
Lauri,2022-07-23 14:25:01,00:11:13,,Stranger Things: Stranger Things 3: Chapter Eight: The Battle of Starcourt (Episode 8),,DefaultWidevineAndroidPhone,00:12:00,Not latest view,EE (Estonia)
Lauri,2022-07-23 13:44:15,00:40:32,,Stranger Things: Stranger Things 3: Chapter Seven: The Bite (Episode 7),,DefaultWidevineAndroidPhone,00:51:42,00:51:42,EE (Estonia)
Lauri,2022-07-23 13:33:49,00:09:43,,Stranger Things: Stranger Things 3: Chapter Seven: The Bite (Episode 7),,DefaultWidevineAndroidPhone,00:10:40,Not latest view,EE (Estonia)
Lauri,2022-07-23 12:40:33,00:53:14,,Stranger Things: Stranger Things 3: Chapter Six: E Pluribus Unum (Episode 6),,DefaultWidevineAndroidPhone,00:56:16,00:56:16,EE (Estonia)
Lauri,2022-07-23 12:36:50,00:02:24,,Stranger Things: Stranger Things 3: Chapter Six: E Pluribus Unum (Episode 6),,DefaultWidevineAndroidPhone,00:02:23,Not latest view,EE (Estonia)
Lauri,2022-07-23 11:48:54,00:47:52,,Stranger Things: Stranger Things 3: Chapter Five: The Flayed (Episode 5),,DefaultWidevineAndroidPhone,00:48:51,00:48:51,EE (Estonia)
Lauri,2022-07-23 10:40:53,00:48:49,,Stranger Things: Stranger Things 3: Chapter Four: The Sauna Test (Episode 4),,DefaultWidevineAndroidPhone,00:49:33,00:49:33,EE (Estonia)
Lauri,2022-07-23 10:28:15,00:12:37,,Stranger Things: Stranger Things 3: Chapter Three: The Case of the Missing Lifeguard (Episode 3),,DefaultWidevineAndroidPhone,00:46:35,00:46:35,EE (Estonia)
Lauri,2022-07-23 10:24:14,00:03:41,,Stranger Things: Stranger Things 3: Chapter Three: The Case of the Missing Lifeguard (Episode 3),,DefaultWidevineAndroidPhone,00:34:02,Not latest view,EE (Estonia)
Lauri,2022-07-23 09:54:01,00:29:38,,Stranger Things: Stranger Things 3: Chapter Three: The Case of the Missing Lifeguard (Episode 3),,DefaultWidevineAndroidPhone,00:30:22,Not latest view,EE (Estonia)
Lauri,2022-07-22 22:48:43,00:00:02,,Stranger Things: Stranger Things 3: Chapter Three: The Case of the Missing Lifeguard (Episode 3),,DefaultWidevineAndroidPhone,00:00:02,Not latest view,EE (Estonia)
Lauri,2022-07-22 22:25:25,00:23:17,,Stranger Things: Stranger Things 3: Chapter Two: The Mall Rats (Episode 2),,DefaultWidevineAndroidPhone,00:46:56,00:46:56,EE (Estonia)
Lauri,2022-07-22 22:02:08,00:22:41,,Stranger Things: Stranger Things 3: Chapter Two: The Mall Rats (Episode 2),,DefaultWidevineAndroidPhone,00:23:45,Not latest view,EE (Estonia)
Lauri,2022-07-22 22:01:01,00:00:18,,Stranger Things: Stranger Things 3: Chapter Two: The Mall Rats (Episode 2),,DefaultWidevineAndroidPhone,00:00:17,Not latest view,EE (Estonia)
Lauri,2022-07-22 21:24:54,00:36:06,,"Stranger Things: Stranger Things 3: Chapter One: Suzie, Do You Copy? (Episode 1)",,DefaultWidevineAndroidPhone,00:47:18,00:47:18,EE (Estonia)
Lauri,2022-07-22 18:14:57,00:03:03,,"Stranger Things: Stranger Things 3: Chapter One: Suzie, Do You Copy? (Episode 1)",,DefaultWidevineAndroidPhone,00:11:20,Not latest view,EE (Estonia)
Lauri,2022-07-22 17:58:24,00:07:30,,"Stranger Things: Stranger Things 3: Chapter One: Suzie, Do You Copy? (Episode 1)",,DefaultWidevineAndroidPhone,00:08:17,Not latest view,EE (Estonia)
Lauri,2022-07-22 17:53:23,00:04:58,,Stranger Things: Stranger Things 2: Chapter Nine: The Gate (Episode 9),,DefaultWidevineAndroidPhone,00:58:48,00:58:48,EE (Estonia)
Lauri,2022-07-22 17:35:54,00:17:04,,Stranger Things: Stranger Things 2: Chapter Nine: The Gate (Episode 9),,DefaultWidevineAndroidPhone,00:53:54,Not latest view,EE (Estonia)
Lauri,2022-07-22 17:33:21,00:00:19,,Stranger Things: Stranger Things 2: Chapter Nine: The Gate (Episode 9),,DefaultWidevineAndroidPhone,00:36:57,Not latest view,EE (Estonia)
Lauri,2022-07-22 17:08:28,00:04:10,,Stranger Things: Stranger Things 2: Chapter Nine: The Gate (Episode 9),,DefaultWidevineAndroidPhone,00:36:39,Not latest view,EE (Estonia)
Lauri,2022-07-22 16:33:55,00:31:55,,Stranger Things: Stranger Things 2: Chapter Nine: The Gate (Episode 9),,DefaultWidevineAndroidPhone,00:32:40,Not latest view,EE (Estonia)
Lauri,2022-07-22 16:09:04,00:24:50,,Stranger Things: Stranger Things 2: Chapter Eight: The Mind Flayer (Episode 8),,DefaultWidevineAndroidPhone,00:44:40,00:44:40,EE (Estonia)
Lauri,2022-07-22 15:58:37,00:09:53,,Stranger Things: Stranger Things 2: Chapter Eight: The Mind Flayer (Episode 8),,DefaultWidevineAndroidPhone,00:20:05,Not latest view,EE (Estonia)
Lauri,2022-07-22 15:52:34,00:05:38,,Stranger Things: Stranger Things 2: Chapter Eight: The Mind Flayer (Episode 8),,DefaultWidevineAndroidPhone,00:10:14,Not latest view,EE (Estonia)
Lauri,2022-07-22 15:09:32,00:03:53,,Stranger Things: Stranger Things 2: Chapter Eight: The Mind Flayer (Episode 8),,DefaultWidevineAndroidPhone,00:03:53,Not latest view,EE (Estonia)
Lauri,2022-07-22 15:09:24,00:00:01,,Stranger Things: Stranger Things 2: Chapter Nine: The Gate (Episode 9),,DefaultWidevineAndroidPhone,00:00:01,Not latest view,EE (Estonia)
Lauri,2022-07-22 15:09:21,00:00:01,,Stranger Things: Stranger Things 2: Chapter Eight: The Mind Flayer (Episode 8),,DefaultWidevineAndroidPhone,00:00:01,Not latest view,EE (Estonia)
Lauri,2022-07-22 14:29:01,00:40:19,,Stranger Things: Stranger Things 2: Chapter Seven: The Lost Sister (Episode 7),,DefaultWidevineAndroidPhone,00:42:18,00:42:18,EE (Estonia)
Lauri,2022-07-22 14:27:20,00:01:26,,Stranger Things: Stranger Things 2: Chapter Seven: The Lost Sister (Episode 7),,DefaultWidevineAndroidPhone,00:01:26,Not latest view,EE (Estonia)
Lauri,2022-07-22 13:38:23,00:47:56,,Stranger Things: Stranger Things 2: Chapter Six: The Spy (Episode 6),,DefaultWidevineAndroidPhone,00:48:45,00:48:45,EE (Estonia)
Lauri,2022-07-22 13:37:33,00:00:11,,Stranger Things: Stranger Things 2: Chapter Six: The Spy (Episode 6),,DefaultWidevineAndroidPhone,00:00:11,Not latest view,EE (Estonia)
Lauri,2022-07-22 12:43:58,00:53:33,,Stranger Things: Stranger Things 2: Chapter Five: Dig Dug (Episode 5),,DefaultWidevineAndroidPhone,00:54:56,00:54:56,EE (Estonia)
Lauri,2022-07-22 12:34:43,00:09:14,,Stranger Things: Stranger Things 2: Chapter Four: Will the Wise (Episode 4),,DefaultWidevineAndroidPhone,00:43:10,00:43:10,EE (Estonia)
Lauri,2022-07-22 12:00:26,00:33:18,,Stranger Things: Stranger Things 2: Chapter Four: Will the Wise (Episode 4),,DefaultWidevineAndroidPhone,00:34:04,Not latest view,EE (Estonia)
Lauri,2022-07-22 11:13:17,00:47:09,,Stranger Things: Stranger Things 2: Chapter Three: The Pollywog (Episode 3),,DefaultWidevineAndroidPhone,00:47:52,00:47:52,EE (Estonia)
Lauri,2022-07-22 11:08:40,00:04:35,,"Stranger Things: Stranger Things 2: Chapter Two: Trick or Treat, Freak (Episode 2)",,DefaultWidevineAndroidPhone,00:52:59,00:52:59,EE (Estonia)
Lauri,2022-07-22 10:21:23,00:44:20,,"Stranger Things: Stranger Things 2: Chapter Two: Trick or Treat, Freak (Episode 2)",,DefaultWidevineAndroidPhone,00:48:21,Not latest view,EE (Estonia)
Lauri,2022-07-22 10:15:35,00:02:44,,"Stranger Things: Stranger Things 2: Chapter Two: Trick or Treat, Freak (Episode 2)",,DefaultWidevineAndroidPhone,00:02:50,Not latest view,EE (Estonia)
Lauri,2022-07-22 10:13:03,00:02:30,,Stranger Things: Stranger Things 2: Chapter One: MADMAX (Episode 1),,DefaultWidevineAndroidPhone,00:45:15,00:45:15,EE (Estonia)
Lauri,2022-07-22 09:43:24,00:26:12,,Stranger Things: Stranger Things 2: Chapter One: MADMAX (Episode 1),,DefaultWidevineAndroidPhone,00:42:49,Not latest view,EE (Estonia)
Lauri,2022-07-22 09:27:07,00:15:50,,Stranger Things: Stranger Things 2: Chapter One: MADMAX (Episode 1),,DefaultWidevineAndroidPhone,00:16:38,Not latest view,EE (Estonia)
Lauri,2022-07-21 21:58:54,00:51:44,,Stranger Things: Season 1: Chapter Eight: The Upside Down (Episode 8),,DefaultWidevineAndroidPhone,00:52:23,00:52:23,EE (Estonia)
Lauri,2022-07-21 21:58:15,00:00:06,,Stranger Things: Season 1: Chapter Eight: The Upside Down (Episode 8),,DefaultWidevineAndroidPhone,00:00:06,Not latest view,EE (Estonia)
Lauri,2022-07-21 21:17:36,00:38:59,,Stranger Things: Season 1: Chapter Seven: The Bathtub (Episode 7),,DefaultWidevineAndroidPhone,00:39:43,00:39:43,EE (Estonia)
Lauri,2022-07-21 20:33:57,00:43:34,,Stranger Things: Season 1: Chapter Six: The Monster (Episode 6),,DefaultWidevineAndroidPhone,00:44:24,00:44:24,EE (Estonia)
Lauri,2022-07-21 20:26:10,00:07:46,,Stranger Things: Season 1: Chapter Five: The Flea and the Acrobat (Episode 5),,DefaultWidevineAndroidPhone,00:50:40,00:50:40,EE (Estonia)
Lauri,2022-07-21 20:21:11,00:04:37,,Stranger Things: Season 1: Chapter Five: The Flea and the Acrobat (Episode 5),,DefaultWidevineAndroidPhone,00:43:01,Not latest view,EE (Estonia)
Lauri,2022-07-21 20:12:11,00:07:56,,Stranger Things: Season 1: Chapter Five: The Flea and the Acrobat (Episode 5),,DefaultWidevineAndroidPhone,00:38:25,Not latest view,EE (Estonia)
Lauri,2022-07-21 20:08:44,00:02:13,,Stranger Things: Season 1: Chapter Five: The Flea and the Acrobat (Episode 5),,DefaultWidevineAndroidPhone,00:30:30,Not latest view,EE (Estonia)
Lauri,2022-07-21 19:38:48,00:27:06,,Stranger Things: Season 1: Chapter Five: The Flea and the Acrobat (Episode 5),,DefaultWidevineAndroidPhone,00:28:23,Not latest view,EE (Estonia)
Lauri,2022-07-21 18:44:37,00:47:00,,Stranger Things: Season 1: Chapter Four: The Body (Episode 4),,DefaultWidevineAndroidPhone,00:48:09,00:48:09,EE (Estonia)
Lauri,2022-07-20 23:17:29,00:44:36,,"Stranger Things: Season 1: Chapter Three: Holly, Jolly (Episode 3)",,Chrome PC (Cadmium),00:49:26,00:49:26,EE (Estonia)
Lauri,2022-07-20 22:26:27,00:50:55,,Stranger Things: Season 1: Chapter Two: The Weirdo on Maple Street (Episode 2),,Chrome PC (Cadmium),00:53:05,00:53:05,EE (Estonia)
Lauri,2022-07-20 21:41:50,00:44:34,,Stranger Things: Season 1: Chapter One: The Vanishing of Will Byers (Episode 1),,Chrome PC (Cadmium),00:46:20,00:46:20,EE (Estonia)
Lauri,2022-07-20 21:41:31,00:00:03,,Stranger Things: Season 1: Chapter One: The Vanishing of Will Byers (Episode 1),,Chrome PC (Cadmium),00:00:03,Not latest view,EE (Estonia)
Lauri,2022-07-20 21:41:19,00:00:06,Autoplayed: user action: None; ,Season 5 Part 2 Trailer: Lucifer,TRAILER,Chrome PC (Cadmium),00:00:06,00:00:06,EE (Estonia)
Lauri,2022-07-20 21:41:03,00:00:08,Autoplayed: user action: None; ,Genre Specific Moment Clip: Stranger Things 4 Volume 2,HOOK,Chrome PC (Cadmium),00:00:08,00:00:08,EE (Estonia)
Lauri,2022-07-20 21:38:31,00:02:11,,The Office (U.S.): Season 1: The Alliance (Episode 4),,Chrome PC (Cadmium),00:03:44,00:03:44,EE (Estonia)
Lauri,2022-07-20 21:38:14,00:00:06,Autoplayed: user action: None; ,8 Mile_hook_primary_16x9,HOOK,Chrome PC (Cadmium),00:00:06,00:00:06,EE (Estonia)
Lauri,2022-07-19 21:20:42,00:00:07,Autoplayed: user action: None; ,Catch Me If You Can_hook_05_16x9,HOOK,Chrome PC (Cadmium),00:00:07,00:00:07,EE (Estonia)
Lauri,2022-07-19 20:25:40,00:00:04,Autoplayed: user action: None; ,Season 1 Plot Clip: Squid Game,HOOK,Chrome PC (Cadmium),00:00:04,00:00:04,EE (Estonia)
Lauri,2022-07-19 20:24:14,00:52:28,,"Squid Game: Season 1: Red Light, Green Light (Episode 1)",,Chrome PC (Cadmium),00:55:15,00:55:15,EE (Estonia)
Lauri,2022-07-19 20:23:25,00:00:07,Autoplayed: user action: None; ,Matilda_hook_04_16x9,HOOK,Chrome PC (Cadmium),00:00:07,00:00:07,EE (Estonia)
Lauri,2022-07-19 18:03:57,01:02:18,,The Queen's Gambit: Limited Series: End Game (Episode 7),,Chrome PC (Cadmium),01:04:44,01:04:44,EE (Estonia)
Lauri,2022-07-19 17:06:08,00:52:08,,The Queen's Gambit: Limited Series: Adjournment (Episode 6),,Chrome PC (Cadmium),00:57:16,00:57:16,EE (Estonia)
Lauri,2022-07-19 14:20:37,00:35:25,,The Queen's Gambit: Limited Series: Fork (Episode 5),,DefaultWidevineAndroidPhone,00:45:31,00:45:31,EE (Estonia)
Lauri,2022-07-19 14:19:33,00:00:45,,The Queen's Gambit: Limited Series: Fork (Episode 5),,DefaultWidevineAndroidPhone,00:09:07,Not latest view,EE (Estonia)
Lauri,2022-07-19 14:11:48,00:07:34,,The Queen's Gambit: Limited Series: Fork (Episode 5),,DefaultWidevineAndroidPhone,00:08:23,Not latest view,EE (Estonia)
Lauri,2022-07-19 13:27:27,00:44:17,,The Queen's Gambit: Limited Series: Middle Game (Episode 4),,DefaultWidevineAndroidPhone,00:45:53,00:45:53,EE (Estonia)
Lauri,2022-07-19 12:52:31,00:34:54,,The Queen's Gambit: Limited Series: Doubled Pawns (Episode 3),,DefaultWidevineAndroidPhone,00:43:34,00:43:34,EE (Estonia)
Lauri,2022-07-17 20:00:14,00:07:16,,The Queen's Gambit: Limited Series: Doubled Pawns (Episode 3),,DefaultWidevineAndroidPhone,00:07:23,Not latest view,EE (Estonia)
Lauri,2022-07-17 19:47:10,00:12:56,,The Queen's Gambit: Limited Series: Exchanges (Episode 2),,DefaultWidevineAndroidPhone,01:02:21,01:02:21,EE (Estonia)
Lauri,2022-07-17 10:46:19,00:00:05,,The Office (U.S.): Season 6 - Clip 2,PROMOTIONAL,DefaultWidevineAndroidPhone,00:00:01,00:00:01,EE (Estonia)
Lauri,2022-07-17 10:45:12,00:01:00,,The Office (U.S.): Season 1: The Alliance (Episode 4),,DefaultWidevineAndroidPhone,00:01:33,Not latest view,EE (Estonia)
Lauri,2022-07-17 10:24:06,00:21:06,,The Office (U.S.): Season 1: Health Care (Episode 3),,DefaultWidevineAndroidPhone,00:21:38,00:21:38,EE (Estonia)
Lauri,2022-07-17 10:03:17,00:20:48,,The Office (U.S.): Season 1: Diversity Day (Episode 2),,DefaultWidevineAndroidPhone,00:21:19,00:21:19,EE (Estonia)
Lauri,2022-07-17 09:55:55,00:07:21,,The Office (U.S.): Season 1: Pilot (Episode 1),,DefaultWidevineAndroidPhone,00:22:34,00:22:34,EE (Estonia)
Lauri,2022-07-17 09:40:22,00:14:51,,The Office (U.S.): Season 1: Pilot (Episode 1),,DefaultWidevineAndroidPhone,00:15:15,Not latest view,EE (Estonia)
Lauri,2022-06-30 21:59:55,02:13:49,,Fight Club,,Chrome PC (Cadmium),02:16:21,02:16:21,EE (Estonia)
Lauri,2022-06-30 21:59:14,00:00:04,Autoplayed: user action: None; ,Annabelle_hook_primary_16x9,HOOK,Chrome PC (Cadmium),00:00:04,00:00:04,EE (Estonia)
Lauri,2022-06-29 20:51:21,01:55:55,,The Notebook,,Chrome PC (Cadmium),01:58:29,01:58:29,EE (Estonia)
Lauri,2022-06-29 19:18:00,00:00:10,Autoplayed: user action: None; ,Scary Movie_hook_primary_16x9,HOOK,Chrome PC (Cadmium),00:00:10,00:00:10,EE (Estonia)
Lauri,2022-06-29 17:45:48,01:20:57,,Scary Movie,,Chrome PC (Cadmium),01:28:12,01:28:12,EE (Estonia)
Lauri,2022-06-29 17:45:22,00:00:14,Autoplayed: user action: None; ,Scary Movie_hook_primary_16x9,HOOK,Chrome PC (Cadmium),00:00:14,Not latest view,EE (Estonia)
Lauri,2022-06-29 17:45:12,00:00:08,Autoplayed: user action: None; ,Annabelle_hook_primary_16x9,HOOK,Chrome PC (Cadmium),00:00:08,Not latest view,EE (Estonia)
Lauri,2022-06-29 17:45:01,00:00:09,Autoplayed: user action: None; ,The Conjuring_hook_primary_16x9,HOOK,Chrome PC (Cadmium),00:00:09,00:00:09,EE (Estonia)
Lauri,2022-06-29 17:44:50,00:00:10,Autoplayed: user action: None; ,Orphan_hook_02_16x9,HOOK,Chrome PC (Cadmium),00:00:10,00:00:10,EE (Estonia)
Lauri,2022-06-29 17:43:38,00:00:07,Autoplayed: user action: None; ,Lucifer: Season 2_hook_primary_16x9,HOOK,Chrome PC (Cadmium),00:00:08,00:00:08,EE (Estonia)
Lauri,2022-06-29 17:43:06,00:00:15,Autoplayed: user action: None; ,Brooklyn Nine-Nine: Season 1_hook_primary_16x9,HOOK,Chrome PC (Cadmium),00:00:15,00:00:15,EE (Estonia)
Lauri,2022-06-29 17:41:19,00:00:18,Autoplayed: user action: None; ,Season 1 Act 2 Conflict Clip: Money Heist: Korea - Joint Economic Area,HOOK,Chrome PC (Cadmium),00:00:18,00:00:18,EE (Estonia)
Lauri,2022-06-14 14:42:43,00:00:47,,Rick and Morty: Season 4: One Crew over the Crewcoo’s Morty (Episode 3),,Chrome PC (Cadmium),00:00:47,00:00:47,EE (Estonia)
Lauri,2022-06-14 14:21:25,00:21:15,,Rick and Morty: Season 4: The Old Man and the Seat (Episode 2),,Chrome PC (Cadmium),00:21:44,00:21:44,EE (Estonia)
Lauri,2022-06-14 14:00:33,00:20:46,,Rick and Morty: Season 4: Edge of Tomorty: Rick Die Rickpeat (Episode 1),,Chrome PC (Cadmium),00:21:15,00:21:15,EE (Estonia)
Lauri,2022-06-13 09:43:02,00:00:01,,Rick and Morty: Season 4: Edge of Tomorty: Rick Die Rickpeat (Episode 1),,DefaultWidevineAndroidPhone,00:00:01,Not latest view,EE (Estonia)
Lauri,2022-06-13 09:21:43,00:21:15,,Rick and Morty: Season 3: The Rickchurian Mortydate (Episode 10),,DefaultWidevineAndroidPhone,00:21:40,00:21:40,EE (Estonia)
Lauri,2022-06-13 09:00:58,00:20:40,,Rick and Morty: Season 3: The ABC's of Beth (Episode 9),,DefaultWidevineAndroidPhone,00:21:09,00:21:09,EE (Estonia)
Lauri,2022-06-13 08:40:33,00:20:16,,Rick and Morty: Season 3: Morty's Mind Blowers (Episode 8),,DefaultWidevineAndroidPhone,00:20:43,00:20:43,EE (Estonia)
Lauri,2022-06-13 08:40:19,00:00:11,,Rick and Morty: Season 3: The Ricklantis Mixup (Episode 7),,DefaultWidevineAndroidPhone,00:20:52,00:20:52,EE (Estonia)
Lauri,2022-06-12 23:09:39,00:01:35,,Rick and Morty: Season 3: The Ricklantis Mixup (Episode 7),,Chrome PC (Cadmium),00:21:19,Not latest view,EE (Estonia)
Lauri,2022-06-12 22:49:52,00:19:44,,Rick and Morty: Season 3: The Ricklantis Mixup (Episode 7),,Chrome PC (Cadmium),00:19:44,Not latest view,EE (Estonia)
Lauri,2022-06-12 22:25:21,00:21:29,,Rick and Morty: Season 3: Rest and Ricklaxation (Episode 6),,Chrome PC (Cadmium),00:21:54,00:21:54,EE (Estonia)
Lauri,2022-06-12 22:04:14,00:21:05,,Rick and Morty: Season 3: The Whirly Dirly Conspiracy (Episode 5),,Chrome PC (Cadmium),00:21:31,00:21:31,EE (Estonia)
Lauri,2022-06-12 21:42:34,00:21:38,,Rick and Morty: Season 3: Vindicators 3:  The Return of Worldender (Episode 4),,Chrome PC (Cadmium),00:22:04,00:22:04,EE (Estonia)
Lauri,2022-06-12 21:17:44,00:21:33,,Rick and Morty: Season 3: Pickle Rick (Episode 3),,Chrome PC (Cadmium),00:22:19,00:22:19,EE (Estonia)
Lauri,2022-06-12 20:58:18,00:19:22,,Rick and Morty: Season 3: Rickmancing the Stone (Episode 2),,Chrome PC (Cadmium),00:21:26,00:21:26,EE (Estonia)
Lauri,2022-06-12 20:57:47,00:00:08,Autoplayed: user action: None; ,Disenchantment: Part 1 (Trailer),TRAILER,Chrome PC (Cadmium),00:00:08,00:00:08,EE (Estonia)
Lauri,2022-06-12 13:48:33,00:01:36,,Rick and Morty: Season 3: Rickmancing the Stone (Episode 2),,DefaultWidevineAndroidPhone,00:01:36,Not latest view,EE (Estonia)
Lauri,2022-06-12 13:26:34,00:21:56,,Rick and Morty: Season 3: The Rickshank Rickdemption (Episode 1),,DefaultWidevineAndroidPhone,00:22:24,00:22:24,EE (Estonia)
Lauri,2022-06-12 13:05:25,00:21:04,,Rick and Morty: Season 2: The Wedding Squanchers (Episode 10),,DefaultWidevineAndroidPhone,00:21:32,00:21:32,EE (Estonia)
Lauri,2022-06-12 12:44:29,00:20:35,,Rick and Morty: Season 2: Look Who's Purging Now (Episode 9),,DefaultWidevineAndroidPhone,00:21:03,00:21:03,EE (Estonia)
Lauri,2022-06-12 12:22:49,00:21:38,,Rick and Morty: Season 2: Interdimensional Cable 2: Tempting Fate (Episode 8),,DefaultWidevineAndroidPhone,00:21:37,00:21:37,EE (Estonia)
Lauri,2022-06-12 12:01:34,00:21:10,,Rick and Morty: Season 2: Big Trouble in Little Sanchez (Episode 7),,DefaultWidevineAndroidPhone,00:21:37,00:21:37,EE (Estonia)
Lauri,2022-06-12 11:04:54,00:21:04,,Rick and Morty: Season 2: The Ricks Must Be Crazy (Episode 6),,DefaultWidevineAndroidPhone,00:21:32,00:21:32,EE (Estonia)
Lauri,2022-06-12 10:48:00,00:16:50,,Rick and Morty: Season 2: Get Schwifty (Episode 5),,DefaultWidevineAndroidPhone,00:21:38,00:21:38,EE (Estonia)
Lauri,2022-06-12 10:41:27,00:04:19,,Rick and Morty: Season 2: Get Schwifty (Episode 5),,DefaultWidevineAndroidPhone,00:04:48,Not latest view,EE (Estonia)
Lauri,2022-06-12 10:21:11,00:20:12,,Rick and Morty: Season 2: Total Rickall (Episode 4),,DefaultWidevineAndroidPhone,00:20:40,00:20:40,EE (Estonia)
Lauri,2022-06-12 10:21:07,00:00:01,,Rick and Morty: Season 2: Auto Erotic Assimilation (Episode 3),,DefaultWidevineAndroidPhone,00:21:38,00:21:38,EE (Estonia)
Lauri,2022-06-11 23:09:10,00:21:40,,Rick and Morty: Season 2: Auto Erotic Assimilation (Episode 3),,DefaultWidevineAndroidPhone,00:21:40,Not latest view,EE (Estonia)
Lauri,2022-06-11 22:47:36,00:21:29,,Rick and Morty: Season 2: Mortynight Run (Episode 2),,DefaultWidevineAndroidPhone,00:21:47,00:21:47,EE (Estonia)
Lauri,2022-06-11 22:26:24,00:21:08,,Rick and Morty: Season 2: A Rickle in Time (Episode 1),,DefaultWidevineAndroidPhone,00:21:37,00:21:37,EE (Estonia)
Lauri,2022-06-11 22:05:30,00:20:52,,Rick and Morty: Season 1: Ricksy Business (Episode 11),,DefaultWidevineAndroidPhone,00:21:20,00:21:20,EE (Estonia)
Lauri,2022-06-11 22:05:13,00:00:02,,Rick and Morty: Season 1: Ricksy Business (Episode 11),,DefaultWidevineAndroidPhone,00:00:02,Not latest view,EE (Estonia)
Lauri,2022-06-11 21:44:22,00:20:47,,Rick and Morty: Season 1: Close Rick-counters of the Rick Kind (Episode 10),,DefaultWidevineAndroidPhone,00:21:15,00:21:15,EE (Estonia)
Lauri,2022-06-11 21:23:30,00:20:49,,Rick and Morty: Season 1: Something Ricked This Way Comes (Episode 9),,DefaultWidevineAndroidPhone,00:21:18,00:21:18,EE (Estonia)
Lauri,2022-06-11 21:02:53,00:20:30,,Rick and Morty: Season 1: Rixty Minutes (Episode 8),,DefaultWidevineAndroidPhone,00:20:56,00:20:56,EE (Estonia)
Lauri,2022-06-11 20:42:29,00:20:18,,Rick and Morty: Season 1: Raising Gazorpazorp (Episode 7),,DefaultWidevineAndroidPhone,00:20:45,00:20:45,EE (Estonia)
Lauri,2022-06-11 20:23:02,00:19:23,,Rick and Morty: Season 1: Rick Potion #9 (Episode 6),,DefaultWidevineAndroidPhone,00:19:57,00:19:57,EE (Estonia)
Lauri,2022-06-11 20:03:15,00:19:44,,Rick and Morty: Season 1: Meeseeks and Destroy (Episode 5),,DefaultWidevineAndroidPhone,00:20:10,00:20:10,EE (Estonia)
Lauri,2022-06-11 19:44:08,00:19:00,,Rick and Morty: Season 1: M. Night Shaym-Aliens! (Episode 4),,DefaultWidevineAndroidPhone,00:19:34,00:19:34,EE (Estonia)
Lauri,2022-06-11 19:23:44,00:20:05,,Rick and Morty: Season 1: Anatomy Park (Episode 3),,DefaultWidevineAndroidPhone,00:20:38,00:20:38,EE (Estonia)
Lauri,2022-06-11 19:03:16,00:20:22,,Rick and Morty: Season 1: Lawnmower Dog (Episode 2),,DefaultWidevineAndroidPhone,00:20:54,00:20:54,EE (Estonia)
Lauri,2022-06-11 18:41:12,00:21:23,,Rick and Morty: Season 1: Pilot (Episode 1),,DefaultWidevineAndroidPhone,00:21:43,00:21:43,EE (Estonia)
Lauri,2022-06-11 14:39:04,01:10:10,,Money Heist: Part 5: A Family Tradition (Episode 10),,DefaultWidevineAndroidPhone,01:11:09,01:11:09,EE (Estonia)
Lauri,2022-06-10 09:50:54,00:00:01,,Money Heist: Part 5: A Family Tradition (Episode 10),,DefaultWidevineAndroidPhone,00:00:07,Not latest view,EE (Estonia)
Lauri,2022-06-10 09:30:39,00:18:03,,Money Heist: Part 5: Pillow Talk (Episode 9),,DefaultWidevineAndroidPhone,00:48:45,00:48:45,EE (Estonia)
Lauri,2022-06-10 07:33:27,00:28:23,,Money Heist: Part 5: Pillow Talk (Episode 9),,DefaultWidevineAndroidPhone,00:30:45,Not latest view,EE (Estonia)
Lauri,2022-06-09 14:59:16,00:01:27,,Money Heist: Part 5: Pillow Talk (Episode 9),,DefaultWidevineAndroidPhone,00:01:33,Not latest view,EE (Estonia)
Lauri,2022-06-09 14:18:02,00:39:41,,Money Heist: Part 5: The Elegance Theory (Episode 8),,DefaultWidevineAndroidPhone,00:46:32,00:46:32,EE (Estonia)
Lauri,2022-06-09 14:08:59,00:05:08,,Money Heist: Part 5: The Elegance Theory (Episode 8),,DefaultWidevineAndroidPhone,00:06:08,Not latest view,EE (Estonia)
Lauri,2022-06-09 12:11:44,00:00:02,,Money Heist: Part 5: The Elegance Theory (Episode 8),,DefaultWidevineAndroidPhone,00:00:08,Not latest view,EE (Estonia)
Lauri,2022-06-09 11:21:03,00:49:46,,Money Heist: Part 5: Wishful Thinking (Episode 7),,DefaultWidevineAndroidPhone,00:50:45,00:50:45,EE (Estonia)
Lauri,2022-06-09 10:29:17,00:49:25,,Money Heist: Part 5: Escape Valve (Episode 6),,DefaultWidevineAndroidPhone,00:50:32,00:50:32,EE (Estonia)
Lauri,2022-06-09 10:17:32,00:11:44,,Money Heist: Part 5: Live Many Lives (Episode 5),,DefaultWidevineAndroidPhone,00:51:58,00:51:58,EE (Estonia)
Lauri,2022-06-08 14:59:47,00:09:51,,Money Heist: Part 5: Live Many Lives (Episode 5),,DefaultWidevineAndroidPhone,00:40:16,Not latest view,EE (Estonia)
Lauri,2022-06-08 14:30:36,00:27:21,,Money Heist: Part 5: Live Many Lives (Episode 5),,DefaultWidevineAndroidPhone,00:30:32,Not latest view,EE (Estonia)
Lauri,2022-06-08 14:24:27,00:02:19,,Money Heist: Part 5: Live Many Lives (Episode 5),,DefaultWidevineAndroidPhone,00:02:22,Not latest view,EE (Estonia)
Lauri,2022-06-08 13:36:08,00:46:31,,Money Heist: Part 5: Your Place in Heaven (Episode 4),,DefaultWidevineAndroidPhone,00:47:59,00:47:59,EE (Estonia)
Lauri,2022-06-08 12:55:27,00:40:29,,Money Heist: Part 5: Welcome to the Spectacle of Life (Episode 3),,DefaultWidevineAndroidPhone,00:45:47,00:45:47,EE (Estonia)
Lauri,2022-06-07 19:35:27,00:04:29,,Money Heist: Part 5: Welcome to the Spectacle of Life (Episode 3),,DefaultWidevineAndroidPhone,00:04:29,Not latest view,EE (Estonia)
Lauri,2022-06-07 19:08:21,00:27:04,,Money Heist: Part 5: Do You Believe in Reincarnation? (Episode 2),,DefaultWidevineAndroidPhone,00:48:39,00:48:39,EE (Estonia)
Lauri,2022-06-05 21:11:35,00:20:26,,Money Heist: Part 5: Do You Believe in Reincarnation? (Episode 2),,DefaultWidevineAndroidPhone,00:21:26,Not latest view,EE (Estonia)
Lauri,2022-06-05 21:05:57,00:05:37,,Money Heist: Part 5: The End of the Road (Episode 1),,DefaultWidevineAndroidPhone,00:45:50,00:45:50,EE (Estonia)
Lauri,2022-06-05 20:36:38,00:28:38,,Money Heist: Part 5: The End of the Road (Episode 1),,DefaultWidevineAndroidPhone,00:40:15,Not latest view,EE (Estonia)
Lauri,2022-06-05 19:53:04,00:10:44,,Money Heist: Part 5: The End of the Road (Episode 1),,DefaultWidevineAndroidPhone,00:11:38,Not latest view,EE (Estonia)
Lauri,2022-06-05 00:49:30,00:00:03,,Money Heist: Part 5: The End of the Road (Episode 1),,DefaultWidevineAndroidPhone,00:00:03,Not latest view,EE (Estonia)
Lauri,2022-06-05 00:01:06,00:48:03,,Money Heist: Part 4: The Paris Plan (Episode 8),,DefaultWidevineAndroidPhone,00:58:08,00:58:08,EE (Estonia)
Lauri,2022-06-04 23:51:46,00:08:57,,Money Heist: Part 4: The Paris Plan (Episode 8),,DefaultWidevineAndroidPhone,00:10:09,Not latest view,EE (Estonia)
Lauri,2022-06-04 23:08:14,00:43:22,,Money Heist: Part 4: Strike the Tent (Episode 7),,DefaultWidevineAndroidPhone,00:50:14,00:50:14,EE (Estonia)
Lauri,2022-06-04 22:17:48,00:05:52,,Money Heist: Part 4: Strike the Tent (Episode 7),,DefaultWidevineAndroidPhone,00:06:53,Not latest view,EE (Estonia)
Lauri,2022-06-04 21:34:47,00:42:54,,Money Heist: Part 4: TKO (Episode 6),,DefaultWidevineAndroidPhone,00:44:04,00:44:04,EE (Estonia)
Lauri,2022-06-04 21:16:36,00:18:10,,Money Heist: Part 4: 5 Minutes Earlier (Episode 5),,DefaultWidevineAndroidPhone,00:40:46,00:40:46,EE (Estonia)
Lauri,2022-06-04 20:44:07,00:21:46,,Money Heist: Part 4: 5 Minutes Earlier (Episode 5),,DefaultWidevineAndroidPhone,00:22:41,Not latest view,EE (Estonia)
Lauri,2022-06-04 20:16:56,00:26:03,,Money Heist: Part 4: Pasodoble (Episode 4),,DefaultWidevineAndroidPhone,00:51:22,00:51:22,EE (Estonia)
Lauri,2022-06-04 20:05:54,00:10:16,,Money Heist: Part 4: Pasodoble (Episode 4),,DefaultWidevineAndroidPhone,00:25:22,Not latest view,EE (Estonia)
Lauri,2022-06-04 19:51:07,00:14:05,,Money Heist: Part 4: Pasodoble (Episode 4),,DefaultWidevineAndroidPhone,00:15:06,Not latest view,EE (Estonia)
Lauri,2022-06-04 19:48:33,00:00:01,,Money Heist: Part 4: Pasodoble (Episode 4),,DefaultWidevineAndroidPhone,00:00:06,Not latest view,EE (Estonia)
Lauri,2022-06-04 19:09:28,00:39:03,,Money Heist: Part 4: Anatomy Lesson (Episode 3),,DefaultWidevineAndroidPhone,00:40:19,00:40:19,EE (Estonia)
Lauri,2022-06-04 18:37:03,00:32:24,,Money Heist: Part 4: Berlin's Wedding (Episode 2),,DefaultWidevineAndroidPhone,00:42:36,00:42:36,EE (Estonia)
Lauri,2022-05-31 21:52:54,00:09:11,,Money Heist: Part 4: Berlin's Wedding (Episode 2),,DefaultWidevineAndroidPhone,00:10:18,Not latest view,EE (Estonia)
Lauri,2022-05-31 21:03:19,00:49:25,,Money Heist: Part 4: Game Over (Episode 1),,DefaultWidevineAndroidPhone,00:50:58,00:50:58,EE (Estonia)
Lauri,2022-05-31 20:22:08,00:37:10,,Money Heist: Part 3: Astray (Episode 8),,DefaultWidevineAndroidPhone,00:57:57,00:57:57,EE (Estonia)
Lauri,2022-05-31 19:59:01,00:17:38,,Money Heist: Part 3: Astray (Episode 8),,DefaultWidevineAndroidPhone,00:20:48,Not latest view,EE (Estonia)
Lauri,2022-05-31 19:56:13,00:02:16,,Money Heist: Part 3: Astray (Episode 8),,DefaultWidevineAndroidPhone,00:02:16,Not latest view,EE (Estonia)
Lauri,2022-05-31 19:51:07,00:05:00,,Money Heist: Part 3: A Quick Vacation (Episode 7),,DefaultWidevineAndroidPhone,00:42:34,00:42:34,EE (Estonia)
Lauri,2022-05-31 19:09:22,00:32:16,,Money Heist: Part 3: A Quick Vacation (Episode 7),,DefaultWidevineAndroidPhone,00:37:36,Not latest view,EE (Estonia)
Lauri,2022-05-31 19:04:53,00:04:24,,Money Heist: Part 3: A Quick Vacation (Episode 7),,DefaultWidevineAndroidPhone,00:04:36,Not latest view,EE (Estonia)
Lauri,2022-05-31 18:39:02,00:25:06,,Money Heist: Part 3: Everything Seemed Insignificant (Episode 6),,DefaultWidevineAndroidPhone,00:44:57,00:44:57,EE (Estonia)
Lauri,2022-05-31 18:18:38,00:18:56,,Money Heist: Part 3: Everything Seemed Insignificant (Episode 6),,DefaultWidevineAndroidPhone,00:19:52,Not latest view,EE (Estonia)
Lauri,2022-05-30 08:36:15,00:38:41,,Money Heist: Part 3: It's Dolphin Time (Episode 4),,DefaultWidevineAndroidPhone,00:40:59,00:40:59,EE (Estonia)
Lauri,2022-05-30 08:28:28,00:01:29,,Money Heist: Part 3: It's Dolphin Time (Episode 4),,DefaultWidevineAndroidPhone,00:01:29,Not latest view,EE (Estonia)
Lauri,2022-05-30 07:36:23,00:44:44,,Money Heist: Part 3: 48 Meters Underground (Episode 3),,DefaultWidevineAndroidPhone,00:46:44,00:46:44,EE (Estonia)
Lauri,2022-05-30 06:56:55,00:38:13,,Money Heist: Part 3: Aikido (Episode 2),,DefaultWidevineAndroidPhone,00:39:18,00:39:18,EE (Estonia)
Lauri,2022-05-30 04:23:21,00:13:35,,Money Heist: Part 3: We're Back (Episode 1),,DefaultWidevineAndroidPhone,00:13:39,00:13:39,EE (Estonia)
Lauri,2022-05-29 11:15:41,00:47:29,,Money Heist: Part 2: Episode 8,,DefaultWidevineAndroidPhone,00:48:22,00:48:22,EE (Estonia)
Lauri,2022-05-29 11:05:54,00:07:24,,Money Heist: Part 2: Episode 7,,DefaultWidevineAndroidPhone,00:43:09,00:43:09,EE (Estonia)
Lauri,2022-05-28 11:25:02,00:12:09,,Money Heist: Part 2: Episode 4,,DefaultWidevineAndroidPhone,00:13:38,00:13:38,EE (Estonia)
Lauri,2022-05-27 20:02:45,00:53:17,,Money Heist: Part 1: Episode 10,,DefaultWidevineAndroidPhone,00:53:59,00:53:59,EE (Estonia)
Lauri,2022-05-27 19:46:45,00:14:47,,Money Heist: Part 1: Episode 9,,DefaultWidevineAndroidPhone,00:41:59,00:41:59,EE (Estonia)
Lauri,2022-05-27 18:23:07,00:26:23,,Money Heist: Part 1: Episode 9,,DefaultWidevineAndroidPhone,00:27:19,Not latest view,EE (Estonia)
Lauri,2022-05-27 16:32:42,00:05:58,,Money Heist: Part 1: Episode 8,,DefaultWidevineAndroidPhone,00:06:51,00:06:51,EE (Estonia)
Lauri,2022-05-27 15:45:54,00:46:17,,Money Heist: Part 1: Episode 7,,DefaultWidevineAndroidPhone,00:47:16,00:47:16,EE (Estonia)
Lauri,2022-05-27 14:57:25,00:41:35,,Money Heist: Part 1: Episode 6,,DefaultWidevineAndroidPhone,00:42:51,00:42:51,EE (Estonia)
Lauri,2022-05-27 14:14:32,00:40:52,,Money Heist: Part 1: Episode 5,,DefaultWidevineAndroidPhone,00:42:01,00:42:01,EE (Estonia)
Lauri,2022-05-27 12:35:17,00:48:08,,Money Heist: Part 1: Episode 3,,DefaultWidevineAndroidPhone,00:49:55,00:49:55,EE (Estonia)
Lauri,2022-05-27 11:51:18,00:39:09,,Money Heist: Part 1: Episode 2,,DefaultWidevineAndroidPhone,00:40:33,00:40:33,EE (Estonia)
Lauri,2022-05-27 11:27:35,00:16:14,,Money Heist: Part 1: Episode 1,,DefaultWidevineAndroidPhone,00:46:50,00:46:50,EE (Estonia)
Lauri,2022-05-27 11:03:03,00:23:59,,Money Heist: Part 1: Episode 1,,DefaultWidevineAndroidPhone,00:30:41,Not latest view,EE (Estonia)
Lauri,2022-05-27 10:55:45,00:06:04,,Money Heist: Part 1: Episode 1,,DefaultWidevineAndroidPhone,00:06:03,Not latest view,EE (Estonia)
Lauri,2022-05-27 10:53:49,00:00:33,,Part 4 Bonus Video 1: Money Heist,HOOK,DefaultWidevineAndroidPhone,00:00:32,00:00:32,EE (Estonia)
